,blockNumber,timeStamp,hash,nonce,blockHash,transactionIndex,from,to,value,gas,gasPrice,isError,txreceipt_status,input,contractAddress,cumulativeGasUsed,gasUsed,confirmations,methodId,functionName,eth value,txn type,AccountId
0,5003194,1517366658,0xd692085f988485124d17efe4deac789513707ded4d4a58106e8d3540460bc78c,193339,0x4ba8a38021d50d99712438a7dd162bf153ddac5aa085d3bbe89184a8fdcb9f8b,40,0x75e7f640bf6968b6f32c47a3cd82c3c2c9dcae68,0x7942ec88b93ac9227957a118d8d09aa736c886a1,90714000000000000,21000,31500000000,0,1,0x,,1421210,21000,10970310,0x,,0.090714,received,0x7942ec88b93ac9227957a118d8d09aa736c886a1
1,5135319,1519290856,0x3e7bfcceba6e148718c15d29f46fff3527ecd19ee4ad64ca4c5dd343b682b490,5,0xb1131b36ce607813320699d7d420e1fa7d1c4a438b3e5e096b2f1f3b5f255ed1,142,0x91552a4fb1de18ea2024ddf5f29bfd2edd110b04,0x7942ec88b93ac9227957a118d8d09aa736c886a1,250000000000000000,21000,4000000000,0,1,0x,,7564369,21000,10838185,0x,,0.25,received,0x7942ec88b93ac9227957a118d8d09aa736c886a1
2,5205823,1520326864,0xc9064cf9a0c035f3137ddb4c5b1f7b885ecb80fe730673bedd9e9d2fc903ea34,16,0x8b35c4c2adc8cdca2f6b56be4285786fa464c18022a7ac6d35d817e29a559943,9,0x9e4ab562a02eb8b8d2ec936d5fd46f9074b97d20,0x7942ec88b93ac9227957a118d8d09aa736c886a1,2000000000000000,21000,40000000000,0,1,0x,,602077,21000,10767681,0x,,0.002,received,0x7942ec88b93ac9227957a118d8d09aa736c886a1
3,5236449,1520776251,0xc066d931dfba8be921238b4ea9b5918a0f98cd4a305cd3b28f7b1b36547c7126,4,0x4524c5ede4992689fa2d09ac14feb3c94e715805b5db8b84e8d8cac6928355ba,60,0xb1f549e354dc55e51cf55e6c92ac6c1f3c9bfa74,0x7942ec88b93ac9227957a118d8d09aa736c886a1,50000000000000000,21000,23000000000,0,1,0x,,2051278,21000,10737055,0x,,0.05,received,0x7942ec88b93ac9227957a118d8d09aa736c886a1
4,5281796,1521441263,0x2e4341cb85676e602f7450575669b0596bb8652f52e9745aac0d9a8d0c0294c2,0,0x2d27bc395faaa30e9fc6c5c45fe17eb0b12a66e87ca155839c591d929e39c2b0,42,0x7942ec88b93ac9227957a118d8d09aa736c886a1,0x07f04222be9a2902a1d08a6d5307b22bb81ed0c8,392273000000000000,21000,21000000000,0,1,0x,,1341675,21000,10691708,0x,,0.392273,sent,0x7942ec88b93ac9227957a118d8d09aa736c886a1
5,5369366,1522705994,0x007aa2a4a8f86eb8cde36f9c6258d1867d75e3a4836cab69dba2f327ff749222,2,0x6922a804ae372c3276ca44687264f8df28957004d03675ddef922bb598013440,137,0xfe99d410ccd5a46af7604c6f25ed77b37403599e,0x7942ec88b93ac9227957a118d8d09aa736c886a1,261900000000000000,21000,21000000000,0,1,0x,,3223173,21000,10604138,0x,,0.2619,received,0x7942ec88b93ac9227957a118d8d09aa736c886a1
6,5382484,1522894516,0x733d9ab34622f7b0124cbe4ba4bb915113f4d306ad10668ce041039149007c19,0,0x7afe4753ab19cdd8ceaf5339bf26fa99d8dbf84dbaa3d213b913fb91f088d72d,48,0x235604ec6e6dc5d805049920bdfbf8d774a0a771,0x7942ec88b93ac9227957a118d8d09aa736c886a1,40000000000000000,21000,41000000000,0,1,0x,,4036099,21000,10591020,0x,,0.04,received,0x7942ec88b93ac9227957a118d8d09aa736c886a1
7,5385544,1522938620,0x58bed4090a42d4da5a8dc0f668f6c5ffb2b30803b863ba89185607aabca63dd8,4,0xecffb926592ed099178e5e84db9a501a21d1d40e4db147a634aeaa6cd94ebe28,231,0xbdc88400c3032b4dd0c439d23121381d75463f69,0x7942ec88b93ac9227957a118d8d09aa736c886a1,78390000000000000,21000,1000000000,0,1,0x,,7114804,21000,10587960,0x,,0.07839,received,0x7942ec88b93ac9227957a118d8d09aa736c886a1
8,5392393,1523036547,0x7811e44d9b0abe1baadff118c23d80047cb868dad4ab24d30a3656e4bcc94a23,0,0x999796500732103ab43cd04cbd27f137faa7111d0287bde333d1fee5f58b8af1,6,0xe4910cdc4d0545d8779d08986a6d1a5b78d8aca9,0x7942ec88b93ac9227957a118d8d09aa736c886a1,500000000000000000,21000,41000000000,0,1,0x,,211486,21000,10581111,0x,,0.5,received,0x7942ec88b93ac9227957a118d8d09aa736c886a1
9,5395651,1523082961,0x7a7b92dd148de34769400362f70341ab61af2df902b41e75c9e8189ddd52cab3,507751,0xd0984476fd6ed74fa73e019446237357a78a32b96ea0476cba6129ed0b6971b3,99,0x0681d8db095565fe8a346fa0277bffde9c0edbbf,0x7942ec88b93ac9227957a118d8d09aa736c886a1,44945000000000000,21000,50000000000,0,1,0x,,5128304,21000,10577853,0x,,0.044945,received,0x7942ec88b93ac9227957a118d8d09aa736c886a1
10,5398106,1523117505,0xe4ded578dc5f25e86e9283048b08b51a0883e48f0d1e65d2feca40858790336d,50342,0x32974b9e8720f381a3fd7bf132e8e34608833880398c03bab2c787cf9c11d679,119,0x243bec9256c9a3469da22103891465b47583d9f1,0x7942ec88b93ac9227957a118d8d09aa736c886a1,10000000000000000,90000,20000000000,0,1,0x,,7792069,21000,10575398,0x,,0.01,received,0x7942ec88b93ac9227957a118d8d09aa736c886a1
11,5416924,1523387161,0x9f8b95346797fdb85c33b60cba0517b848bbc7a8ba3b869f26fdc0001ef1c27c,0,0x069a7b9d9a62f39378c8975b9154236cead1a653e600ecbcff2548087cf8b968,59,0xf9d860e60e75a70884677c4bdae1a4f4aea865e4,0x7942ec88b93ac9227957a118d8d09aa736c886a1,50000000000000000,21000,4000000000,0,1,0x,,2418933,21000,10556580,0x,,0.05,received,0x7942ec88b93ac9227957a118d8d09aa736c886a1
12,5428405,1523552749,0x38a4d54eff3c87556269a65f672438e5a38442834cc3df1de0b918cf49378f34,0,0xd703e6f3f449965f432de2ae4183334cd65505823c03664d22843e7f3e9e9d31,118,0x93b10150dd02a70e781f644092ece9bcb462e7a8,0x7942ec88b93ac9227957a118d8d09aa736c886a1,46948000000000000,21000,4000000000,0,1,0x,,4663068,21000,10545099,0x,,0.046948,received,0x7942ec88b93ac9227957a118d8d09aa736c886a1
13,5443393,1523772005,0x7a1c49bc4ab1cf6bd31409d054a46f7ae73732e8c97010c566ef707c0bd961a1,0,0x88f19a58651d285ce86b0f835472ccd29a73a266a538772ffc5a68f243fa0c7e,40,0x618462098b47c25252abb3536bb69b35e5c6c367,0x7942ec88b93ac9227957a118d8d09aa736c886a1,20000000000000000,21000,1000000000,0,1,0x,,1968568,21000,10530111,0x,,0.02,received,0x7942ec88b93ac9227957a118d8d09aa736c886a1
14,5452355,1523903544,0x487803c6badd822e8c35677f71a6eb3878b5e703bcfc45184d0470150e633c41,0,0x62d65b616ddd1ef5fb8300f04a63fa25baea04b7e05532c1fe8fd9730d6f987b,65,0x7f2e9114fbc76cf022a9030aaf20998751314647,0x7942ec88b93ac9227957a118d8d09aa736c886a1,7805180000000000,21000,3000000000,0,1,0x,,2868106,21000,10521149,0x,,0.00780518,received,0x7942ec88b93ac9227957a118d8d09aa736c886a1
15,5453378,1523918180,0xf8f8080953723320177e49f61e2f896281a964a1411cff115fd59fa973b13981,0,0x8d978b255912b77fca999374be810a3c30318df02ff22dc9c0477e6b4f439b39,51,0xccb0490541aafd03853797de1087638d5c0e8a2b,0x7942ec88b93ac9227957a118d8d09aa736c886a1,10000000000000000,21000,3000000000,0,1,0x,,1482900,21000,10520126,0x,,0.01,received,0x7942ec88b93ac9227957a118d8d09aa736c886a1
16,5455220,1523944491,0x3cfcb85c356486450d442333beeb807774755b925df886bfc32558e5e8fd7bb1,9,0xf32fcf2036239ca5367e250f1e4340650aeb12156406b9aafbd14691e6599973,100,0x610d7773066416ca9a8a5c1a901f291b542e3769,0x7942ec88b93ac9227957a118d8d09aa736c886a1,22098500000000000,21000,600000000,0,1,0x,,7988292,21000,10518284,0x,,0.0220985,received,0x7942ec88b93ac9227957a118d8d09aa736c886a1
17,5457685,1523982085,0x092f5edc48f709ca9c5af6e5ff4c0c78cfb015b4aae5ce8a255cac9831716877,10,0x3314585767e6249e84535d721cc21348b15b50571b81f5f228847b2e60964946,240,0xf2130e49bf14c91f620e7786906b5a3409bb3a4b,0x7942ec88b93ac9227957a118d8d09aa736c886a1,100000000000000000,21000,3100000000,0,1,0x,,7264868,21000,10515819,0x,,0.1,received,0x7942ec88b93ac9227957a118d8d09aa736c886a1
18,5458998,1524000833,0xdda3ab87528eec9dcb2168e2897ff7742d5d4d86bf8fbf7e9eb9393ea786caa1,6,0x30a7c6e2cb0898768999f459442a711abef64eec282e348f58f251678273fef2,95,0xf69c681a54110a9cff1860e470fd66073aab0788,0x7942ec88b93ac9227957a118d8d09aa736c886a1,55000000000000000,21000,1000000000,0,1,0x,,7731062,21000,10514506,0x,,0.055,received,0x7942ec88b93ac9227957a118d8d09aa736c886a1
19,5468704,1524145890,0x4231be457c34258b35671d92d05b194611c2373805b853c834a59c14ca476496,2,0xfcc6ff280982a95a16cf4be7333bc5906597888c7d3a48cbb6e39bc15d499936,174,0x0fa6c4a5998087a54bec842ae7cb1bbca925be2d,0x7942ec88b93ac9227957a118d8d09aa736c886a1,43481000000000000,21000,2000000000,0,1,0x,,7235684,21000,10504800,0x,,0.043481,received,0x7942ec88b93ac9227957a118d8d09aa736c886a1
20,5468959,1524149727,0xa47b15663ae096035eda1e56ca373e0797b71f7e05c0d2f7d5c11e32859e43e3,3,0xf6c0a5aae068b265ea778c77fbef4ff8486c32a7e7a6eba63cfc6c9716c42265,195,0x37ccc4d8ff6ad7c2ca3ea9d841a965de26d3cea4,0x7942ec88b93ac9227957a118d8d09aa736c886a1,183056308120377828,21000,4000000000,0,1,0x,,7465854,21000,10504545,0x,,0.183056308120377828,received,0x7942ec88b93ac9227957a118d8d09aa736c886a1
21,5469945,1524164367,0x747c09b507a8d90132ded96bbb097b6cbb44000c6b8c3ab87147161f24855b45,0,0xcf6b5b53afe3e064dbe228a36cba1be0a9c804d5d295098e60ea94ff3d50f72a,48,0x792845c9f641cca1accf529fb1fb953728267734,0x7942ec88b93ac9227957a118d8d09aa736c886a1,107507400000000000,21000,3000000000,0,1,0x,,2148752,21000,10503559,0x,,0.1075074,received,0x7942ec88b93ac9227957a118d8d09aa736c886a1
22,5471112,1524181273,0x937a0485a9a8aad7f133fc9c8851e570429448124ff0ca9427c49554607a31ff,0,0x7685dff1e16371e82e6ff17aae8d1941eadd69094f115949964814251bcd7dc7,237,0x7bef1e50b1c2613d79d647f6027562c6272dcea1,0x7942ec88b93ac9227957a118d8d09aa736c886a1,10000000000000000,21000,5000000000,0,1,0x,,7809287,21000,10502392,0x,,0.01,received,0x7942ec88b93ac9227957a118d8d09aa736c886a1
23,5476955,1524269283,0xafaab68a4274e71d28d8f9d025ab788ec9f8114b16523deb1c39308f31ec3473,0,0xede66b51eaefcba3d7199256c5d01d01215d1ceac9ee4a3972288b48f2f25081,151,0xbfbcf69abd59ca7c78475b9e8d44fc7400c10a1e,0x7942ec88b93ac9227957a118d8d09aa736c886a1,33800000000000000,21000,3000000000,0,1,0x,,4409241,21000,10496549,0x,,0.0338,received,0x7942ec88b93ac9227957a118d8d09aa736c886a1
24,5479854,1524312124,0x6afddd85f36256ccb30d832236b2f46a958313220be4e241d0d88b6ac95e6646,3,0x291517b58ad2f124b5fb4960d81707495ad58f277afa0bae50abf562474db55a,75,0x8aad8f1c2e8a52c173c397766b96aeb26a969bc8,0x7942ec88b93ac9227957a118d8d09aa736c886a1,31560000000000000,21000,41000000000,0,1,0x,,3279533,21000,10493650,0x,,0.03156,received,0x7942ec88b93ac9227957a118d8d09aa736c886a1
25,5487953,1524430724,0x388cf8e9d6ba31dfefc2e0666123a792e685366c17365e7b8cda3a151bcd39ea,0,0xfeb40d41e18e2ce4cb265c4e61849fc10d9583e0d2f43cdfd21404b66437422f,74,0x6643cbc13c0b308a73fd42065e5e174356a5f013,0x7942ec88b93ac9227957a118d8d09aa736c886a1,202800000000000000,21000,4000000000,0,1,0x,,2592215,21000,10485551,0x,,0.2028,received,0x7942ec88b93ac9227957a118d8d09aa736c886a1
26,5490019,1524461200,0x379b339d5480b96c2ff963490f76cb8bdc028440d917b48dc46c8d32f3a67aeb,98,0x888ea517152c68cfec468ce01b8155c8105e81de1c0be9e780cb7b98a497a0cf,53,0xb181b55057e3327e188e675f645bba7c125600ad,0x7942ec88b93ac9227957a118d8d09aa736c886a1,100030000000000000,21000,1000000000,0,1,0x,,3166960,21000,10483485,0x,,0.10003,received,0x7942ec88b93ac9227957a118d8d09aa736c886a1
27,5494306,1524525678,0x098ee6e5d663ac55de680f9cf22593609d4af60dc0f58f15e03a3962b820874e,29009,0x19ea325f574e9478190e8eb0d12865aa8e4dee45b7955ed1d6fab7c47492f3e7,14,0xdd6ec9f00a15a151e8b0f582930cf850a1d075ec,0x7942ec88b93ac9227957a118d8d09aa736c886a1,30900000000000000,100000,4000000000,0,1,0x,,907255,21000,10479198,0x,,0.0309,received,0x7942ec88b93ac9227957a118d8d09aa736c886a1
28,5494569,1524529159,0x89ea18a1cd5f4ff283829e70a53f8dacf97d5501a15a2ff184b4fdb4761cab24,3,0x9cc6d14959ee0941502a1760a4f03e1660ffb0040af80afc4c86365187056019,35,0xe38830399eecb39be05b69c64538224cc975694b,0x7942ec88b93ac9227957a118d8d09aa736c886a1,12778423576107785,21000,3000000000,0,1,0x,,1679269,21000,10478935,0x,,0.012778423576107785,received,0x7942ec88b93ac9227957a118d8d09aa736c886a1
29,5496362,1524556777,0x57d79f64b79fc0c6ab87fb21bcef4cca77aa3c769b2f6bccb86d23b5e1a8e1eb,43157,0xb82b2fda52a2db1f114725f026e47888810520ab7c469b321b7c981b67a8e101,153,0xa95350d70b18fa29f6b5eb8d627ceeeee499340d,0x7942ec88b93ac9227957a118d8d09aa736c886a1,153988232411739260,21000,20000000000,0,1,0x,,4664295,21000,10477142,0x,,0.15398823241173926,received,0x7942ec88b93ac9227957a118d8d09aa736c886a1
30,5498515,1524589699,0x023ddaac4697e643eca085f477e6556d446945ad8a05814c10e1c820013a7fa5,0,0x91d104649a4c23d467de6a5f1cb60ae9ae2eefbf67284bc38f6c6b1e8d59f68b,124,0x6c8801e2609a7d2f4693daa4240d8df354991c58,0x7942ec88b93ac9227957a118d8d09aa736c886a1,5000000000000000,21000,5000000000,0,1,0x,,6031351,21000,10474989,0x,,0.005,received,0x7942ec88b93ac9227957a118d8d09aa736c886a1
31,5504273,1524674568,0x0b2c47e2ac23fe682f405e0cab47222127cedbfc0a9c4c93b35b969f66fa64ee,189,0xa54dda4c38492b0cf947e39e108f5d14e5e75911a2d94d56708036b25f28a91d,86,0x44a397e02ac6a16dec85be956a314edbb519803f,0x7942ec88b93ac9227957a118d8d09aa736c886a1,1237000000000000,21000,6000000000,0,1,0x,,2631976,21000,10469231,0x,,0.001237,received,0x7942ec88b93ac9227957a118d8d09aa736c886a1
32,5504367,1524675879,0x2f2c72662240f3c9b053877e79330df3d02cb4c7b2d05591c1fbbe291cdfb0a0,0,0xa0d5119876a8a5ce205b021ade54294dc251cedfb1ac0190a7b9778ddef3ea4e,279,0x9a026c596d15711f9e71daedad42e215aa1a9bd9,0x7942ec88b93ac9227957a118d8d09aa736c886a1,442953800000000000,21000,5000000000,0,1,0x,,7963488,21000,10469137,0x,,0.4429538,received,0x7942ec88b93ac9227957a118d8d09aa736c886a1
33,5506184,1524703300,0x32a59076acee76759d64f1acbcddf3e4dbbf97517789952c84162358c775493b,1,0x1a4adb6e1d60b7abbdc8252ef377895b3cc310a8f79ea6e9b4761dbd866a6d0b,84,0x3907e166e3495d67877c786e303d75ff60f31ede,0x7942ec88b93ac9227957a118d8d09aa736c886a1,10000000000000000,21000,4250599999,0,1,0x,,2716469,21000,10467320,0x,,0.01,received,0x7942ec88b93ac9227957a118d8d09aa736c886a1
34,5509759,1524755903,0x036e2a09f04bf604b373b2ef5b9c89f72988149d635d477525e62e4de210eb02,0,0x0b37018d8ce4c44e1f8f59b82c21af2f2e6fba3d4b16d726e8ae6e86e802717f,144,0x3e4aca9e4f6ea7b4d715b33d6bad50e55c5016f7,0x7942ec88b93ac9227957a118d8d09aa736c886a1,16041880000000000,21000,20000000000,0,1,0x,,3529175,21000,10463745,0x,,0.01604188,received,0x7942ec88b93ac9227957a118d8d09aa736c886a1
35,5510025,1524759865,0xd0470f6e972e438acd39b964e42a83fcbf2c99df75b1aa720bf515173ab784ab,0,0xb642f0c151a0755182ea6b405594460ddc6fc7be781ac116e561b67e3ab4319b,60,0x9afaf00e9d45420c66f21a2fb6c3288f4b967a8d,0x7942ec88b93ac9227957a118d8d09aa736c886a1,51808141079346688,21000,41000000000,0,1,0x,,1539323,21000,10463479,0x,,0.051808141079346688,received,0x7942ec88b93ac9227957a118d8d09aa736c886a1
36,5528359,1525034696,0x5292eba1d6d5d3e422951a109c836fd0a19db6bb1a7e94c799c31ea25f8f68c7,0,0x4b844abde9419eca97c8557cf7390e3e8ca0172aa932376a6d142ee0ed7ce9bf,79,0x26f842af609ced8401496f464a6de60ee7405b49,0x7942ec88b93ac9227957a118d8d09aa736c886a1,22143490000000000,21000,6000000000,0,1,0x,,3498619,21000,10445145,0x,,0.02214349,received,0x7942ec88b93ac9227957a118d8d09aa736c886a1
37,5528692,1525039789,0x1357bef5bfb38bf45ea2f6594c3739d3daefd79c9c35b398aac49cf0e1671672,0,0x914e6d2fb753b0adc5242f308c335df3f90f37b258183d334f13994652b278a8,15,0xc35fb40309e3a648c969f5e97bc4c35b470dd2a1,0x7942ec88b93ac9227957a118d8d09aa736c886a1,41104280000000000,21000,6000000000,0,1,0x,,546446,21000,10444812,0x,,0.04110428,received,0x7942ec88b93ac9227957a118d8d09aa736c886a1
38,5533184,1525108104,0x1ffb322bdb97196a5462c720f72b8d134447ebe20996aab06ac57549004e879b,0,0x0de0940289016903a31c88ff061a3c1b65c9a256ca3d4360e763c69357478e2e,0,0x4b89e53e07cf129099711930c810748c728577d0,0x7942ec88b93ac9227957a118d8d09aa736c886a1,2000000000000000000,300000,81000000000,0,1,0x,,21000,21000,10440320,0x,,2,received,0x7942ec88b93ac9227957a118d8d09aa736c886a1
39,5534317,1525124405,0x6004dc6158a8e6e89b82452a4153ff7beae1aefe4431360fd14ec8297d0cd3a7,0,0xe8369e53ce2ed5d36457e302123c0cf69297a2381ff1c37107e5958e33e136eb,90,0x6fa148ed1bd8e8c580cc31ffaa5b6addefbc9015,0x7942ec88b93ac9227957a118d8d09aa736c886a1,29800000000000000,21000,5000000000,0,1,0x,,4521459,21000,10439187,0x,,0.0298,received,0x7942ec88b93ac9227957a118d8d09aa736c886a1
40,5534352,1525124864,0xb1614d6164c9f04acca40267d28cbd8513d22cc6761de98d5445786ebc3c8d67,1,0xf7e6c0c8e3e63c7af50608e1368fad29752ea12796641699032481ab74d87064,125,0x6fa148ed1bd8e8c580cc31ffaa5b6addefbc9015,0x7942ec88b93ac9227957a118d8d09aa736c886a1,22365000000000000,21000,5000000000,0,1,0x,,4837118,21000,10439152,0x,,0.022365,received,0x7942ec88b93ac9227957a118d8d09aa736c886a1
41,5544240,1525276378,0xeadb59208499456334bde1f74ca742c18561b867a912b20e48f4c2ca90352733,1,0x2cb395a1f1a3a931504602508c91bd5d4fd2e64854f7d204cfaa645c1adb0a91,98,0xdbad1d18f747c028a0382da4eaedc7b2023e5642,0x7942ec88b93ac9227957a118d8d09aa736c886a1,94622528000000000,21000,3000000000,0,1,0x,,5872181,21000,10429264,0x,,0.094622528,received,0x7942ec88b93ac9227957a118d8d09aa736c886a1
42,5545570,1525296219,0x7024a59fa4ed4683899a54485fde1b2134358d55d04d7a260b366428a6d32f64,1,0xe9d2660483e682fbb400f9515151a516caee6b52586d65a96c32afdbdc25da84,32,0xdfea4b9689ba4ec72de0b7fd8ec9da8f91590ca3,0x7942ec88b93ac9227957a118d8d09aa736c886a1,170000000000000000,21000,41000000000,0,1,0x,,1449656,21000,10427934,0x,,0.17,received,0x7942ec88b93ac9227957a118d8d09aa736c886a1
43,5547687,1525328611,0xc2be794a1046a9e2a31fe2104c59b02a0c9488e3a4376a830e3c051735ba195c,4,0xcd27e4400a93a0f0cc7885692eac39ff356318bacf5702a03da998007c88affc,38,0xb1817023314adb3df1ba71158d27e04bac3badf6,0x7942ec88b93ac9227957a118d8d09aa736c886a1,10000000000000000,21000,4000000000,0,1,0x,,1693620,21000,10425817,0x,,0.01,received,0x7942ec88b93ac9227957a118d8d09aa736c886a1
44,5548916,1525347561,0xbd42729d8767b0e79420372359a636f64569c2eff3eaff2f86b5785d8e2dcd21,46,0xb033a9289811f05a8205974b492bfba4bb5e0bce7b6a324c4923a973c333ed43,50,0xb9df1ac065aba19fb4a23328784665b9b19dee31,0x7942ec88b93ac9227957a118d8d09aa736c886a1,25110000000000000,21000,20000000000,0,1,0x,,1505353,21000,10424588,0x,,0.02511,received,0x7942ec88b93ac9227957a118d8d09aa736c886a1
45,5552131,1525395669,0x2b18e90dac9b0d0df71db27888e6719d643704679789b6c8c88633b9cc42e00d,0,0xff1007f75e24e4a870dd0cd7ecdf2654786cf057888ed311ec1be9907d2af089,22,0x5118534dad015c38bc6ee4b9c5784e0355084096,0x7942ec88b93ac9227957a118d8d09aa736c886a1,14000000000000000,21000,5000000000,0,1,0x,,894659,21000,10421373,0x,,0.014,received,0x7942ec88b93ac9227957a118d8d09aa736c886a1
46,5553664,1525419047,0xd09d597d6cf2edc6fcb193f68516d6e2d2c7ee9cd448f8dd6218b3d76913c056,0,0x0905c5cd547743eecce7d79a5fda2d17c291fb6f8707a992a572269a6fe4eebe,27,0xc8216e668050225f4daadc55365884b66d941989,0x7942ec88b93ac9227957a118d8d09aa736c886a1,131000000000000000,21000,40000000000,0,1,0x,,753812,21000,10419840,0x,,0.131,received,0x7942ec88b93ac9227957a118d8d09aa736c886a1
47,5555976,1525455399,0x66e3e3ef5a9d87778951b99c6525d6fc7ad15df52441ae73ccb9afe5361ba1dd,0,0x48457d65b828a0260a14f96129041f3f9cf2f72f51eb6151855e418d7f6e4ad3,96,0x00293a0ca3804a70d7fb0d6caa4ca07e59c840f5,0x7942ec88b93ac9227957a118d8d09aa736c886a1,1287420000000000,21000,8000000000,0,1,0x,,3389272,21000,10417528,0x,,0.00128742,received,0x7942ec88b93ac9227957a118d8d09aa736c886a1
48,5556440,1525462526,0xd6a83fb46000aa6a7aa4bee9987fd17bb78bca1ed0f2935800508ca00cc50f67,3,0xb004a78d2b138fe4b4b1758066cc91a8bc36038a689f4a3263918d349091d5e1,2,0x328ca79472ba7bc2c03fafcff21b62ce09ab4157,0x7942ec88b93ac9227957a118d8d09aa736c886a1,6440000000000000,21000,48000000000,0,1,0x,,63000,21000,10417064,0x,,0.00644,received,0x7942ec88b93ac9227957a118d8d09aa736c886a1
49,5563766,1525572684,0xf27c69684765861e4f7ce53f137a944c9289eb862b0d6e144c064b833dfa4601,0,0x52ae8c5256fbe45738f96fa0ad24705527a5309993af9d7ac4e5f9637a1720d0,168,0x5208602a2210d3a9fe44d20b745101d50c7b53e2,0x7942ec88b93ac9227957a118d8d09aa736c886a1,90000000000000000,21000,5000000000,0,1,0x,,4872617,21000,10409738,0x,,0.09,received,0x7942ec88b93ac9227957a118d8d09aa736c886a1
50,5565091,1525592894,0x16158213527c82aa0dc1372678fa0873e3b31c7a0095b7d3133da20fa1612171,15,0x0a4adcff773ea816a9289b3adc2290ce0c4a583856d414a86300874647f79ab5,60,0x0dd931468267b63d3930d128e60a04058302e194,0x7942ec88b93ac9227957a118d8d09aa736c886a1,700000000000000,53000,2000000000,0,1,0x,,6976509,21000,10408413,0x,,0.0007,received,0x7942ec88b93ac9227957a118d8d09aa736c886a1
51,5565755,1525602990,0x4248db07e5218f0e8c928af24563611aeb2bac4099548ecd1f6b38b506769997,0,0xd7608656ca534d2bcc1ec7190d510696c3139946b4037459731020c50b13f8e6,51,0x036de0419d3cda345d79f9456d148e188d5eb3d5,0x7942ec88b93ac9227957a118d8d09aa736c886a1,390000000000000000,21000,4000000000,0,1,0x,,2485664,21000,10407749,0x,,0.39,received,0x7942ec88b93ac9227957a118d8d09aa736c886a1
52,5567315,1525625930,0xdb334a447d577bd05b6b6298553fb9bcf1cebb485b43a4e9d1b89107e0b2ed97,0,0x6b2c79c64cb7bb748bf7859efdf1f8aab6f3d14549b811b9ed5728a60cf22869,67,0x0824f0fcdf53f5646029ab26e548493dc3765ba1,0x7942ec88b93ac9227957a118d8d09aa736c886a1,9,21000,23000000000,0,1,0x,,2096140,21000,10406189,0x,,9E-18,received,0x7942ec88b93ac9227957a118d8d09aa736c886a1
53,5567485,1525628488,0x5779650e0d1bd0c471dbd250f26c8ff69b0dc42268f2a0d7d28633bd74130099,1,0xa72a8937d0daf8385cb00966b10f391fcf55ac7de8033ac53658b1d2c08d530d,40,0x0824f0fcdf53f5646029ab26e548493dc3765ba1,0x7942ec88b93ac9227957a118d8d09aa736c886a1,200000000000000000,21000,23000000000,0,1,0x,,1433864,21000,10406019,0x,,0.2,received,0x7942ec88b93ac9227957a118d8d09aa736c886a1
54,5572791,1525707865,0x291b2491f05da4a01f768a57cd0f3013eed4b8f0d2664bf35f6e5d2767bbb2fc,10977,0xcabcb6f0a07ca8961cf4d7b9e2fd1e4699fcf0cd9ab3d4c95cb8f6a8d54a2b9a,81,0x30a9ef0904c807c53f189737741e3f9145a6b792,0x7942ec88b93ac9227957a118d8d09aa736c886a1,39580000000000000,90000,20000000000,0,1,0x,,1991798,21000,10400713,0x,,0.03958,received,0x7942ec88b93ac9227957a118d8d09aa736c886a1
55,5573884,1525723958,0x7eddd598affffcb8040e33033fef94b16b25e2011f1d66898957078547cdcf99,0,0x25e6c2589b760caca5df22b7b45372417dc2a15690ae0a800a177f6ba0e11f65,34,0x8712f7521f3c8fd611891f6dd683dea74cbd8ad9,0x7942ec88b93ac9227957a118d8d09aa736c886a1,100000000000000000,21000,2800000000,0,1,0x,,2378150,21000,10399620,0x,,0.1,received,0x7942ec88b93ac9227957a118d8d09aa736c886a1
56,5581924,1525843915,0x7956d9696e33c7caf5c3fff0d76cccbc8609059cfb4b766839226809a8c41dac,14,0xec3ed9fff48f43db6e34404cad1cb40992d7974d7869733cf4b2dbe534009fb5,24,0x7d183e3cc48313fbbe7f8b03310d469dfaca0a44,0x7942ec88b93ac9227957a118d8d09aa736c886a1,199000000000000000,21000,41000000000,0,1,0x,,670369,21000,10391580,0x,,0.199,received,0x7942ec88b93ac9227957a118d8d09aa736c886a1
57,5582458,1525852463,0x982eea09acdf9def779476fb91e4a8e7b55b12121714791835d228f0a02cc4e9,0,0x4d4aaf2049a4eb5686aa8d9c24758f9c521ccbc15c469b658c8121d6a4b17ff4,62,0xc4e234efe0b76f0782c2ec62f73fd62a4b729ca7,0x7942ec88b93ac9227957a118d8d09aa736c886a1,250000000000000000,21000,5000000000,0,1,0x,,2451890,21000,10391046,0x,,0.25,received,0x7942ec88b93ac9227957a118d8d09aa736c886a1
58,5583368,1525866255,0xef2f456676d1f3cb507e15f07858e5eca454dde9b25997f71e0587b8821b127f,12,0xa10c4f6fef16dfd0003d18f525f3724d7f3b7a6b080a62a7deddcd6796efae46,11,0x2e30c1cc487b7de18784fec20c1190920e92ce63,0x7942ec88b93ac9227957a118d8d09aa736c886a1,67500000000000000,21000,41000000000,0,1,0x,,311402,21000,10390136,0x,,0.0675,received,0x7942ec88b93ac9227957a118d8d09aa736c886a1
59,5583694,1525871373,0x5754b71c9d8c83b016ac79e82d379afc0354f60bb3a7b40c3fbd652dfa93a3a5,0,0x17e1ac196950912b9fade3865a74fe9f2d40f31405f047b7901f713c3a973427,94,0x944ab1d92f6d8de3e40c12e2502b36501c7c7e72,0x7942ec88b93ac9227957a118d8d09aa736c886a1,13393690000000000,21000,6000000000,0,1,0x,,5458688,21000,10389810,0x,,0.01339369,received,0x7942ec88b93ac9227957a118d8d09aa736c886a1
60,5589105,1525952747,0x29d4fcc6eac4973cff36ed95ece1d91a1ea045094e06c26e220cb76d36b597cf,0,0x836e6254cc56b28e1a078e2e162f5ab6ebe5f7b97caded2984ad4dec3ddd1fd5,88,0x770322aae93c8ab5919ec0139ca36bca024a69e3,0x7942ec88b93ac9227957a118d8d09aa736c886a1,168182254129056000,21000,7000000000,0,1,0x,,3580469,21000,10384399,0x,,0.168182254129056,received,0x7942ec88b93ac9227957a118d8d09aa736c886a1
61,5591443,1525988162,0x32879fab236a4914971024e505f124f53b117e167c0ee6d0cc98062e69b7b01d,0,0xf61e3b06b7eb7231b24e26f37662cb557b37c2017793a7d3511f564b9991c04a,71,0x85657814ae650f703e0e5c41eb624b800bbe5789,0x7942ec88b93ac9227957a118d8d09aa736c886a1,4400000000000000,21000,8000000000,0,1,0x,,5124903,21000,10382061,0x,,0.0044,received,0x7942ec88b93ac9227957a118d8d09aa736c886a1
62,5591596,1525990467,0x4848a1f4fa8c6bcfdd682a2c6abab35cb15ca22dc4d7c9621376799090454004,0,0x6e1bee1da17ab391e4aea2b9e4f3762ded2b475e92cb595324c424ffe2276751,43,0xa7aba6f68ae5fa339ed4292d08e7212375b55f23,0x7942ec88b93ac9227957a118d8d09aa736c886a1,17490728294492040,21000,23000000000,0,1,0x,,1613597,21000,10381908,0x,,0.01749072829449204,received,0x7942ec88b93ac9227957a118d8d09aa736c886a1
63,5591884,1525995077,0x4c6c619debe8c030337af4078e3f33eb9360531e916c727eb08c535ad088e15e,0,0x7d3af84ce0fcb7dbc72e766df5e3fc57dc247e443b80dfab0d4655a8532d9389,28,0xb39531c2ec243240f02451f9abd8976990609440,0x7942ec88b93ac9227957a118d8d09aa736c886a1,47915000000000000,21000,7000000000,0,1,0x,,1253368,21000,10381620,0x,,0.047915,received,0x7942ec88b93ac9227957a118d8d09aa736c886a1
64,5606572,1526215801,0x43c56d59357c532bf5f9ed4488524db5abb25513c1aaf86968d05b9e0891cd62,10445,0xe2c68543d57f326162b664d69cf87098543f0c313e730240d6445a5c247b0c1d,33,0x120bb04321e5b59a59bd29fa7cb245b503d7d7ee,0x7942ec88b93ac9227957a118d8d09aa736c886a1,8800000000000000,216666,24000000000,0,1,0x,,1330083,21000,10366932,0x,,0.0088,received,0x7942ec88b93ac9227957a118d8d09aa736c886a1
65,5606676,1526217419,0xaaed64f4db37b5b1d3772a5ccabdb502b5af69d3c112ab6ab2f96a89094614eb,6,0xad2359b28563dd68b57fe6ccba28a5e3a284b1f2d8bec66e9e979aa97dbe2dd3,179,0xa70396dfdc960859d9030378b9711930d6904e27,0x7942ec88b93ac9227957a118d8d09aa736c886a1,14182530000000000,21000,8000000000,0,1,0x,,7441147,21000,10366828,0x,,0.01418253,received,0x7942ec88b93ac9227957a118d8d09aa736c886a1
66,5609415,1526258295,0x75aff3ddeb24025d6fe1cf1adb9703c712cbff91b298248d30c06ea74add6661,1,0x24e752cee2842980ef172f399fc970d27dc0f253807be2661e21252e5e4cba1c,35,0x98e64eae6edeb0be6610f038daf2ff8e17c20623,0x7942ec88b93ac9227957a118d8d09aa736c886a1,5000000000000000,21000,10000000000,0,1,0x,,1407911,21000,10364089,0x,,0.005,received,0x7942ec88b93ac9227957a118d8d09aa736c886a1
67,5609993,1526267248,0xd74ce942327c38cb8a55d0adf2e417dec60ea30b68d1c3677ae3efa1b62fb36e,0,0x703dd303ff6c0ccd2a7689f4c1e5d6d0f9a2df0e7bf631ca60b662e19072fc4c,17,0xf6b8a38508275402010ed8f1dd1179bc40954a1e,0x7942ec88b93ac9227957a118d8d09aa736c886a1,1000000000000000000,21000,14000000000,0,1,0x,,732664,21000,10363511,0x,,1,received,0x7942ec88b93ac9227957a118d8d09aa736c886a1
68,5611287,1526286941,0x9f29b4d9a58c0de0f95d98c07f96f96fa6d4dd78db64a35f3a2d5f925e7c513d,0,0x080db0704be83bcc04520f97fd74dfaf577da17b6ae2fd6c2f315b0004dce1cc,183,0xa1b56728d9573fb60b8946cc311f1482a67dcfe0,0x7942ec88b93ac9227957a118d8d09aa736c886a1,1459000000000000,21000,9000000000,0,1,0x,,7768392,21000,10362217,0x,,0.001459,received,0x7942ec88b93ac9227957a118d8d09aa736c886a1
69,5614174,1526331538,0x7f520517bcfc4817535f84c09be2ebde7a2df80083517b9c86959a45d1aa1f18,6,0xef6cd585b952ca7466ff81da0f23aa806e4f7ed3a0fc48a8110a104513728cde,150,0xf566c066b91c509dddda4c3e98dce2dd6a9706d9,0x7942ec88b93ac9227957a118d8d09aa736c886a1,80000000000000000,21000,10000000000,0,1,0x,,5863453,21000,10359330,0x,,0.08,received,0x7942ec88b93ac9227957a118d8d09aa736c886a1
70,5619539,1526412849,0x9d14b5b90ab4b1ca99eae917804c34a32c785935234f11cdc751cbc61b1a4d32,0,0x49ad6f154a10a08957c02c6fbc6a83e14fafcc1081e9b63ac6329cf410fda739,56,0x412da1a384da8e7d8865ba218b32bf4037da24d2,0x7942ec88b93ac9227957a118d8d09aa736c886a1,50000000000000000,21000,10000000000,0,1,0x,,2141304,21000,10353965,0x,,0.05,received,0x7942ec88b93ac9227957a118d8d09aa736c886a1
71,5624685,1526491641,0xc7835adecb8d314fe114bbe7a2330544940f261b1395a65ff732c756d54c1e93,95,0x8cc76b7f46c92b7423760bec3d07a1edb5cdb636a0547d9e0194999a505b3d66,85,0x0f8c90a6500be69c989fca56c40433f06866d3a3,0x7942ec88b93ac9227957a118d8d09aa736c886a1,49000000000000000,53000,10000000000,0,1,0x,,4661278,21000,10348819,0x,,0.049,received,0x7942ec88b93ac9227957a118d8d09aa736c886a1
72,5624734,1526492381,0x465852e436dd93ce4f6343faf89fc0724915377396eb3bfafc1b27c8916e2ac8,1,0x19fea810b2eba3a3fbd9bb55dfc955f572475b8ff7e3b67c85f26df90d91fc9a,51,0x7942ec88b93ac9227957a118d8d09aa736c886a1,0xc20bac88c18a3a55a30271973cdee7c98530847f,8000000000000000000,21000,23000000000,0,1,0x,,2356813,21000,10348770,0x,,8,sent,0x7942ec88b93ac9227957a118d8d09aa736c886a1
73,11417244,1607497763,0x18961ce48d02197cf08955795a5e04caa77e1d35e39920987758b344c5e8e78f,2,0x2c4ded7c0c660666fa73a44d4ac68dde31ce77c7be38427038468b35a4434648,145,0x7942ec88b93ac9227957a118d8d09aa736c886a1,0xa499631ce078ceca55339441ba322c8c19b2c65a,47139780000000000,21000,42000000000,0,1,0x,,12214200,21000,4556260,0x,,0.04713978,sent,0x7942ec88b93ac9227957a118d8d09aa736c886a1
